ID salarié,Pratique d'un sport
59019,
19841,
56482,Tennis
21886,
81001,
17757,Badminton
17036,Escalade
36913,
79006,
62296,
90284,Randonnée
83440,Triathlon
18246,
33386,Randonnée
19773,
70643,
25701,Runing
99514,
43124,Équitation
56632,Voile
28160,
15493,
84233,
17997,Tennis de table
48589,
76341,Football
89943,Randonnée
46253,Randonnée
17376,
22426,Voile
34413,
44472,Football
97309,Tennis
39874,Tennis
92736,
43015,
71502,
16872,
76771,
50408,
49804,Runing
20083,
37866,Natation
71190,Badminton
57202,
27620,
36981,Natation
89328,Tennis de table
50309,Runing
32690,Badminton
43861,
17027,Tennis
99401,Runing
86847,Football
58045,
53673,Voile
13064,
18918,Tennis
51328,
86633,Runing
29200,
43542,Judo
64886,
45140,
44927,Randonnée
79837,
76903,Basketball
30351,
20697,Randonnée
37830,Randonnée
34678,Randonnée
54625,
70575,Randonnée
66882,Judo
35719,
28529,
60358,Natation
50504,Escalade
56530,Runing
45221,Randonnée
86948,Tennis
34899,Football
36827,Tennis
66425,
77789,
46158,
34382,Équitation
60141,
68454,
45725,
67121,Rugby
76076,Football
60437,
33872,
23842,Voile
66386,Badminton
75791,Runing
55153,Boxe
91916,Rugby
50316,
49419,Natation
30945,Runing
29793,Runing
41293,Randonnée
96902,
42472,Randonnée
69938,Randonnée
70933,Tennis
46903,Escalade
93699,Runing
78962,Boxe
90813,Natation
31222,Natation
12497,
90207,Tennis
48260,Voile
46304,Rugby
73367,Boxe
42328,
59804,
84603,
57589,Runing
92368,Runing
20157,Basketball
49571,Rugby
41377,Football
22092,
20377,
29456,
88193,Randonnée
60948,Runing
92440,Triathlon
86486,Judo
56263,Boxe
59040,Judo
29450,Randonnée
74171,
31453,
53944,Natation
27483,Badminton
48154,
79919,
71657,
34922,Tennis
42234,
96558,Triathlon
86692,
50866,Randonnée
35731,Rugby
51866,Runing
19260,Runing
82858,
50955,Rugby
43965,
42960,Runing
13780,
18941,Runing
81676,Tennis
27069,Runing
30256,
94680,Natation
